days_out,query_date,wtp_J,bid_J,pacing_J,sold_J,available_J,protected_J,load_factor_J,wtp_W,bid_W,pacing_W,sold_W,available_W,protected_W,load_factor_W,wtp_Y,bid_Y,pacing_Y,sold_Y,available_Y,protected_Y,load_factor_Y,bookings_this_step,group_bookings_this_step,award_bookings_this_step
365,2025-12-20,6561.71,3937.03,0.8333,1,62,32,0.0167,2296.61,1377.96,0.0000,0,26,11,0.0000,1534.41,920.65,0.0000,0,298,190,0.0000,0,0,1
364,2025-12-21,6337.72,9506.58,1.5000,1,62,33,0.0167,2432.73,2432.73,1.0000,0,26,11,0.0000,1535.67,921.40,0.0000,0,298,202,0.0000,0,0,0
363,2025-12-22,6593.84,9890.76,1.5000,1,62,33,0.0167,2309.09,2309.09,1.0000,0,26,11,0.0000,1516.94,910.16,0.0000,0,298,202,0.0000,0,0,0
362,2025-12-23,6492.27,9738.41,1.5000,1,62,33,0.0167,2356.29,2356.29,1.0000,0,26,11,0.0000,1469.92,881.95,0.0000,0,298,202,0.0000,0,0,0
361,2025-12-24,6418.99,9628.48,1.5000,1,62,33,0.0167,2344.49,2344.49,1.0000,0,26,11,0.0000,1524.40,914.64,0.0000,0,298,202,0.0000,0,0,0
360,2025-12-25,6586.58,9879.88,1.5000,1,62,33,0.0167,2526.62,2526.62,1.0000,0,26,11,0.0000,1482.07,889.24,0.0000,0,298,202,0.0000,0,0,0
359,2025-12-26,6623.27,9934.91,1.5000,1,62,33,0.0167,2451.01,2451.01,1.0000,0,26,11,0.0000,1495.13,897.08,0.0000,0,298,202,0.0000,0,0,0
358,2025-12-27,6630.15,9945.23,1.5000,1,62,33,0.0167,2422.82,2422.82,1.0000,0,26,11,0.0000,1524.90,914.94,0.0000,0,298,202,0.0000,0,0,0
357,2025-12-28,6524.80,9787.20,1.5000,1,62,33,0.0167,2384.99,2384.99,1.0000,0,26,11,0.0000,1539.99,923.99,0.0000,0,298,202,0.0000,0,0,0
356,2025-12-29,6515.20,9772.80,1.5000,1,62,33,0.0167,2390.03,2390.03,1.0000,0,26,11,0.0000,1528.94,917.36,0.0000,0,298,202,0.0000,0,0,0
355,2025-12-30,6410.90,9616.34,1.5000,1,62,33,0.0167,2324.41,2324.41,1.0000,0,26,11,0.0000,1487.92,892.75,0.0000,0,298,202,0.0000,0,0,0
354,2025-12-31,6181.89,9272.84,1.5000,1,62,33,0.0167,2345.71,2345.71,1.0000,0,26,11,0.0000,1507.59,904.56,0.0000,0,298,202,0.0000,0,0,0
353,2026-01-01,6434.33,9651.50,1.5000,1,62,33,0.0167,2336.75,2336.75,1.0000,0,26,11,0.0000,1539.37,923.62,0.0000,0,298,202,0.0000,0,0,0
352,2026-01-02,6325.11,9487.66,1.5000,1,62,33,0.0167,2404.99,2404.99,1.0000,0,26,11,0.0000,1506.68,904.01,0.0000,0,298,202,0.0000,0,0,0
351,2026-01-03,6625.18,9937.77,1.5000,1,62,33,0.0167,2347.50,2347.50,1.0000,0,26,11,0.0000,1520.95,912.57,0.0000,0,298,202,0.0000,0,0,0
350,2026-01-04,6272.88,9409.31,1.5000,1,62,33,0.0167,2404.26,2404.26,1.0000,0,26,11,0.0000,1479.27,887.56,0.0000,0,298,202,0.0000,0,0,0
349,2026-01-05,6633.10,9949.65,1.5000,1,62,33,0.0167,2362.40,2362.40,1.0000,0,26,11,0.0000,1481.32,888.79,0.0000,0,298,202,0.0000,0,0,0
348,2026-01-06,6249.05,9373.57,1.5000,1,62,33,0.0167,2299.55,2299.55,1.0000,0,26,11,0.0000,1518.35,911.01,0.0000,0,298,202,0.0000,0,0,0
347,2026-01-07,6432.88,9649.32,1.5000,1,62,33,0.0167,2422.40,2422.40,1.0000,0,26,11,0.0000,1458.82,875.29,0.0000,0,298,202,0.0000,0,0,0
346,2026-01-08,6668.00,10002.00,1.5000,1,62,33,0.0167,2249.74,2249.74,1.0000,0,26,11,0.0000,1519.93,911.96,0.0000,0,298,202,0.0000,0,0,0
345,2026-01-09,6516.09,9774.13,1.5000,1,62,33,0.0167,2332.05,2332.05,1.0000,0,26,11,0.0000,1510.76,906.46,0.0000,0,298,202,0.0000,0,0,0
344,2026-01-10,6305.39,9458.09,1.5000,1,62,33,0.0167,2382.17,2382.17,1.0000,0,26,11,0.0000,1510.19,906.11,0.0000,0,298,202,0.0000,0,0,0
343,2026-01-11,6793.79,10190.69,1.5000,1,62,33,0.0167,2286.38,2286.38,1.0000,0,26,11,0.0000,1471.73,883.04,0.0000,0,298,202,0.0000,0,0,0
342,2026-01-12,6627.08,9940.62,1.5000,1,62,33,0.0167,2353.65,2353.65,1.0000,0,26,11,0.0000,1435.49,861.30,0.0000,0,298,202,0.0000,0,0,0
341,2026-01-13,6903.39,10355.08,1.5000,1,62,33,0.0167,2585.84,2585.84,1.0000,0,26,11,0.0000,1519.02,911.41,0.0000,0,298,202,0.0000,0,0,0
340,2026-01-14,6345.35,9518.02,1.5000,1,62,33,0.0167,2340.05,2340.05,1.0000,0,26,11,0.0000,1472.95,883.77,0.0000,0,298,202,0.0000,0,0,0
339,2026-01-15,6471.13,9706.70,1.5000,1,62,33,0.0167,2296.91,2296.91,1.0000,0,26,11,0.0000,1426.74,856.04,0.0000,0,298,202,0.0000,0,0,0
338,2026-01-16,6856.16,10284.25,1.5000,1,62,33,0.0167,2378.67,2378.67,1.0000,0,26,11,0.0000,1545.14,927.08,0.0000,0,298,202,0.0000,0,0,0
337,2026-01-17,6362.07,9543.10,1.5000,1,62,33,0.0167,2525.62,2525.62,1.0000,0,26,11,0.0000,1463.74,878.24,0.0000,0,298,202,0.0000,0,0,0
336,2026-01-18,6577.53,9866.29,1.5000,1,62,33,0.0167,2358.28,2358.28,1.0000,0,26,11,0.0000,1498.42,899.05,0.0000,0,298,202,0.0000,0,0,0
335,2026-01-19,6267.28,9400.92,1.5000,1,62,33,0.0167,2280.27,2280.27,1.0000,0,26,11,0.0000,1508.04,904.82,0.0000,0,298,202,0.0000,0,0,0
334,2026-01-20,6558.00,9836.99,1.5000,1,62,33,0.0167,2464.07,2464.07,1.0000,0,26,11,0.0000,1510.16,906.10,0.0000,0,298,202,0.0000,0,0,0
333,2026-01-21,6808.58,10212.86,1.5000,1,62,33,0.0167,2382.45,2382.45,1.0000,0,26,11,0.0000,1446.14,867.68,0.0000,0,298,202,0.0000,0,0,0
332,2026-01-22,6467.08,9700.62,1.5000,1,62,33,0.0167,2342.31,2342.31,1.0000,0,26,11,0.0000,1567.49,940.49,0.0000,0,298,202,0.0000,0,0,0
331,2026-01-23,6628.71,9943.06,1.5000,1,62,33,0.0167,2341.51,2341.51,1.0000,0,26,11,0.0000,1500.02,900.01,0.0000,0,298,202,0.0000,0,0,0
330,2026-01-24,6519.70,9779.54,1.5000,1,62,33,0.0167,2415.61,2415.61,1.0000,0,26,11,0.0000,1410.76,846.46,0.0000,0,298,202,0.0000,0,0,0
329,2026-01-25,6332.95,9499.42,1.5000,1,62,33,0.0167,2345.76,2345.76,1.0000,0,26,11,0.0000,1542.05,925.23,0.0000,0,298,202,0.0000,0,0,0
328,2026-01-26,6597.99,9896.99,1.5000,1,62,33,0.0167,2335.22,2335.22,1.0000,0,26,11,0.0000,1485.58,891.35,0.0000,0,298,202,0.0000,0,0,0
327,2026-01-27,6471.93,9707.90,1.5000,1,62,33,0.0167,2320.43,2320.43,1.0000,0,26,11,0.0000,1490.21,894.13,0.0000,0,298,202,0.0000,0,0,0
326,2026-01-28,6519.68,9779.52,1.5000,1,62,33,0.0167,2385.67,2385.67,1.0000,0,26,11,0.0000,1617.95,970.77,0.0000,0,298,202,0.0000,0,0,0
325,2026-01-29,6222.72,9334.08,1.5000,1,62,33,0.0167,2327.77,2327.77,1.0000,0,26,11,0.0000,1514.52,908.71,0.0000,0,298,202,0.0000,0,0,0
324,2026-01-30,6096.36,9144.54,1.5000,1,62,33,0.0167,2357.86,2357.86,1.0000,0,26,11,0.0000,1453.19,871.91,0.0000,0,298,202,0.0000,0,0,0
323,2026-01-31,6333.19,9499.79,1.5000,1,62,33,0.0167,2362.70,2362.70,1.0000,0,26,11,0.0000,1423.19,853.91,0.0000,0,298,202,0.0000,0,0,0
322,2026-02-01,6291.54,9437.32,1.5000,1,62,33,0.0167,2503.63,2503.63,1.0000,0,26,11,0.0000,1636.87,982.12,0.0000,0,298,202,0.0000,0,0,0
321,2026-02-02,6848.10,10272.15,1.5000,1,62,33,0.0167,2300.27,2300.27,1.0000,0,26,11,0.0000,1489.25,893.55,0.0000,0,298,202,0.0000,0,0,0
320,2026-02-03,6475.95,9713.93,1.5000,1,62,33,0.0167,2273.65,2273.65,1.0000,0,26,11,0.0000,1489.57,893.74,0.0000,0,298,202,0.0000,0,0,0
319,2026-02-04,6594.63,9891.95,1.5000,1,62,33,0.0167,2442.48,2442.48,1.0000,0,26,11,0.0000,1507.26,904.36,0.0000,0,298,202,0.0000,0,0,0
318,2026-02-05,6362.77,9544.15,1.5000,1,62,33,0.0167,2391.99,2391.99,1.0000,0,26,11,0.0000,1495.88,897.53,0.0000,0,298,202,0.0000,0,0,0
317,2026-02-06,6354.85,9532.28,1.5000,1,62,33,0.0167,2291.62,2291.62,1.0000,0,26,11,0.0000,1554.83,932.90,0.0000,0,298,202,0.0000,0,0,0
316,2026-02-07,6685.45,10028.17,1.5000,1,62,33,0.0167,2401.91,2401.91,1.0000,0,26,11,0.0000,1451.10,870.66,0.0000,0,298,202,0.0000,0,0,0
315,2026-02-08,6445.26,9667.89,1.5000,1,62,33,0.0167,2362.05,2362.05,1.0000,0,26,11,0.0000,1488.95,893.37,0.0000,0,298,202,0.0000,0,0,0
314,2026-02-09,6455.97,9683.95,1.5000,1,62,33,0.0167,2381.97,2381.97,1.0000,0,26,11,0.0000,1513.63,908.18,0.0000,0,298,202,0.0000,0,0,0
313,2026-02-10,6847.82,10271.73,1.5000,1,62,33,0.0167,2262.83,2262.83,1.0000,0,26,11,0.0000,1539.64,923.78,0.0000,0,298,202,0.0000,0,0,0
312,2026-02-11,6437.09,9655.63,1.5000,1,62,33,0.0167,2463.63,2463.63,1.0000,0,26,11,0.0000,1526.71,916.02,0.0000,0,298,202,0.0000,0,0,0
311,2026-02-12,6851.23,10276.85,1.5000,1,62,33,0.0167,2400.80,1440.48,0.0000,0,26,11,0.0000,1537.98,922.79,0.0000,0,298,202,0.0000,0,0,0
310,2026-02-13,6697.92,10046.89,1.5000,1,62,33,0.0167,2287.10,1372.26,0.0000,0,26,11,0.0000,1535.88,921.53,0.0000,0,298,202,0.0000,0,0,0
309,2026-02-14,6650.13,9975.19,1.5000,1,62,33,0.0167,2502.40,1501.44,0.0000,0,26,11,0.0000,1533.51,920.10,0.0000,0,298,202,0.0000,0,0,0
308,2026-02-15,6401.69,9602.53,1.5000,1,62,33,0.0167,2479.28,1487.57,0.0000,0,26,11,0.0000,1529.22,917.53,0.0000,0,298,202,0.0000,0,0,0
307,2026-02-16,6268.98,9403.47,1.5000,1,62,33,0.0167,2322.16,1393.30,0.0000,0,26,11,0.0000,1514.36,908.62,0.0000,0,298,202,0.0000,0,0,0
306,2026-02-17,6561.64,9842.47,1.5000,1,62,33,0.0167,2374.52,1424.71,0.0000,0,26,11,0.0000,1519.00,911.40,0.0000,0,298,202,0.0000,0,0,0
305,2026-02-18,6618.29,9927.44,1.5000,1,62,33,0.0167,2259.59,1355.76,0.0000,0,26,11,0.0000,1568.17,940.90,0.0000,0,298,202,0.0000,0,0,0
304,2026-02-19,6662.69,9994.03,1.5000,1,62,33,0.0167,2446.57,1467.94,0.0000,0,26,11,0.0000,1510.77,906.46,0.0000,0,298,202,0.0000,0,0,0
303,2026-02-20,6473.29,9709.93,1.5000,1,62,33,0.0167,2358.57,1415.14,0.0000,0,26,11,0.0000,1517.61,910.56,0.0000,0,298,202,0.0000,0,0,0
302,2026-02-21,6797.49,10196.24,1.5000,1,62,33,0.0167,2317.12,1390.27,0.0000,0,26,11,0.0000,1463.70,878.22,0.0000,0,298,202,0.0000,0,0,0
301,2026-02-22,6766.47,10149.70,1.5000,1,62,33,0.0167,2431.08,1458.65,0.0000,0,26,11,0.0000,1538.62,923.17,0.0000,0,298,202,0.0000,0,0,0
300,2026-02-23,6122.71,9184.06,1.5000,1,62,33,0.0167,2486.21,1491.73,0.0000,0,26,11,0.0000,1479.79,887.88,0.0000,0,298,202,0.0000,0,0,0
299,2026-02-24,6262.38,9393.57,1.5000,1,62,33,0.0167,2258.26,1354.96,0.0000,0,26,11,0.0000,1464.93,878.96,0.0000,0,298,202,0.0000,0,0,0
298,2026-02-25,6232.19,9348.28,1.5000,1,62,33,0.0167,2210.75,1326.45,0.0000,0,26,11,0.0000,1502.70,901.62,0.0000,0,298,202,0.0000,0,0,0
297,2026-02-26,6529.02,9793.54,1.5000,1,62,33,0.0167,2424.04,1454.43,0.0000,0,26,11,0.0000,1510.60,906.36,0.0000,0,298,202,0.0000,0,0,0
296,2026-02-27,6540.50,9810.75,1.5000,1,62,33,0.0167,2428.44,1457.06,0.0000,0,26,11,0.0000,1482.63,889.58,2421.2365,23,275,202,0.0865,0,23,0
295,2026-02-28,6062.38,9093.56,1.5000,1,62,33,0.0167,2321.67,1393.00,0.0000,0,26,11,0.0000,1534.36,2301.55,2326.3018,23,275,202,0.0865,0,0,0
294,2026-03-01,6766.21,10149.31,1.5000,1,62,33,0.0167,2364.48,1418.69,0.0000,0,26,11,0.0000,1562.43,2343.64,2235.0896,23,275,202,0.0865,0,0,0
293,2026-03-02,6219.53,9329.29,1.5000,1,62,33,0.0167,2307.09,1384.26,0.0000,0,26,11,0.0000,1484.22,2226.34,2147.4539,23,275,202,0.0865,0,0,0
292,2026-03-03,6579.08,9868.62,1.5000,1,62,33,0.0167,2296.57,1377.94,0.0000,0,26,11,0.0000,1521.77,2282.65,2063.2544,23,275,202,0.0865,0,0,0
291,2026-03-04,6385.06,9577.58,1.5000,1,62,33,0.0167,2331.74,1399.05,0.0000,0,26,11,0.0000,1452.87,2179.30,1982.3564,23,275,202,0.0865,0,0,0
290,2026-03-05,6566.43,9849.64,1.5000,1,62,33,0.0167,2395.26,1437.15,0.0000,0,26,11,0.0000,1560.88,2341.33,1904.6305,23,275,202,0.0865,0,0,0
289,2026-03-06,6437.66,9656.49,1.5000,1,62,33,0.0167,2449.96,1469.97,0.0000,0,26,11,0.0000,1517.61,2276.41,1829.9523,23,275,202,0.0865,0,0,0
288,2026-03-07,6920.03,10380.04,1.5000,1,62,33,0.0167,2374.33,1424.60,0.0000,0,26,11,0.0000,1507.48,2261.22,1758.2022,23,275,202,0.0865,0,0,0
287,2026-03-08,6496.96,9745.44,1.5000,1,62,33,0.0167,2391.81,1435.09,0.0000,0,26,11,0.0000,1463.21,2194.81,1689.2655,23,275,202,0.0865,0,0,0
286,2026-03-09,6413.15,9619.72,1.5000,1,62,33,0.0167,2348.64,1409.18,0.0000,0,26,11,0.0000,1590.03,2385.04,1623.0318,23,275,202,0.0865,0,0,0
285,2026-03-10,6423.08,9634.62,1.5000,1,62,33,0.0167,2349.26,1409.56,0.0000,0,26,11,0.0000,1508.62,2262.92,1559.3952,23,275,202,0.0865,0,0,0
284,2026-03-11,6283.03,9424.54,1.5000,1,62,33,0.0167,2369.84,1421.90,0.0000,0,26,11,0.0000,1621.84,2432.76,1498.2539,23,275,202,0.0865,0,0,0
283,2026-03-12,6616.28,9924.42,1.5000,1,62,33,0.0167,2365.36,1419.21,0.0000,0,26,11,0.0000,1492.60,2238.90,1439.5099,23,275,202,0.0865,0,0,0
282,2026-03-13,6633.14,9949.70,1.5000,1,62,33,0.0167,2447.80,1468.68,0.0000,0,26,11,0.0000,1516.84,2275.26,1383.0693,23,275,202,0.0865,0,0,0
281,2026-03-14,6687.08,10030.61,1.5000,1,62,33,0.0167,2242.72,1345.63,0.0000,0,26,11,0.0000,1485.22,2227.83,1328.8418,23,275,202,0.0865,0,0,0
280,2026-03-15,6678.98,10018.47,1.5000,1,62,33,0.0167,2318.80,1391.28,0.0000,0,26,11,0.0000,1434.13,2151.19,1276.7405,23,275,202,0.0865,0,0,0
279,2026-03-16,6587.39,9881.08,1.5000,1,62,33,0.0167,2329.95,1397.97,0.0000,0,26,11,0.0000,1521.33,2282.00,1226.6822,23,275,202,0.0865,0,0,0
278,2026-03-17,6485.23,9727.84,1.5000,1,62,33,0.0167,2426.27,1455.76,0.0000,0,26,11,0.0000,1515.84,2273.77,1178.5867,23,275,202,0.0865,0,0,0
277,2026-03-18,6827.63,10241.45,1.5000,1,62,33,0.0167,2301.42,1380.85,0.0000,0,26,11,0.0000,1460.83,2191.24,1132.3770,23,275,202,0.0865,0,0,0
276,2026-03-19,6416.25,9624.38,1.5000,1,62,33,0.0167,2475.11,1485.07,0.0000,0,26,11,0.0000,1506.18,2259.27,1087.9793,23,275,202,0.0865,0,0,0
275,2026-03-20,6320.99,9481.49,1.5000,1,62,33,0.0167,2337.72,1402.63,0.0000,0,26,11,0.0000,1520.75,2281.12,1045.3224,23,275,202,0.0865,0,0,0
274,2026-03-21,6729.79,10094.69,1.5000,1,62,33,0.0167,2205.17,1323.10,0.0000,0,26,11,0.0000,1465.26,2197.90,1004.3381,23,275,202,0.0865,0,0,0
273,2026-03-22,6467.14,9700.70,1.5000,1,62,33,0.0167,2351.45,1410.87,0.0000,0,26,11,0.0000,1493.10,2239.66,964.9608,23,275,202,0.0865,0,0,0
272,2026-03-23,6632.56,9948.83,1.5000,1,62,33,0.0167,2396.92,1438.15,0.0000,0,26,11,0.0000,1525.51,2288.27,927.1276,23,275,202,0.0865,0,0,0
271,2026-03-24,6442.38,9663.57,1.5000,1,62,33,0.0167,2316.43,1389.86,0.0000,0,26,11,0.0000,1454.50,2181.76,890.7778,23,275,202,0.0865,0,0,0
270,2026-03-25,6330.92,9496.39,1.5000,1,62,33,0.0167,2364.37,1418.62,0.0000,0,26,11,0.0000,1515.37,2273.06,855.8533,23,275,202,0.0865,0,0,0
269,2026-03-26,6647.84,9971.77,1.5000,1,62,33,0.0167,2358.07,1414.84,0.0000,0,26,11,0.0000,1471.15,2206.73,822.2982,23,275,202,0.0865,0,0,0
268,2026-03-27,6488.76,9733.13,1.5000,1,62,33,0.0167,2388.09,1432.85,0.0000,0,26,11,0.0000,1460.30,2190.45,790.0588,23,275,202,0.0865,0,0,0
267,2026-03-28,6750.04,10125.06,1.5000,1,62,33,0.0167,2351.51,1410.91,0.0000,0,26,11,0.0000,1516.70,2275.05,759.0835,23,275,202,0.0865,0,0,0
266,2026-03-29,6296.20,9444.30,1.5000,1,62,33,0.0167,2420.72,1452.43,0.0000,0,26,11,0.0000,1592.89,2389.34,729.3228,23,275,202,0.0865,0,0,0
265,2026-03-30,6823.99,10235.98,1.5000,1,62,33,0.0167,2284.08,1370.45,0.0000,0,26,11,0.0000,1511.50,2267.25,700.7291,23,275,202,0.0865,0,0,0
264,2026-03-31,6187.66,9281.49,1.5000,1,62,33,0.0167,2280.06,1368.03,0.0000,0,26,11,0.0000,1481.31,2221.96,673.2565,23,275,202,0.0865,0,0,0
263,2026-04-01,6164.83,9247.25,1.5000,1,62,33,0.0167,2406.31,1443.79,0.0000,0,26,11,0.0000,1474.48,2211.72,646.8611,23,275,202,0.0865,0,0,0
262,2026-04-02,6608.42,9912.63,1.5000,1,62,33,0.0167,2424.25,1454.55,0.0000,0,26,11,0.0000,1520.56,2280.83,621.5007,23,275,202,0.0865,0,0,0
261,2026-04-03,6548.06,9822.09,1.5000,1,62,33,0.0167,2270.32,1362.19,0.0000,0,26,11,0.0000,1520.47,2280.71,597.1347,23,275,202,0.0865,0,0,0
260,2026-04-04,6549.31,9823.96,1.5000,1,62,33,0.0167,2326.15,1395.69,0.0000,0,26,11,0.0000,1567.01,2350.51,573.7241,23,275,202,0.0865,0,0,0
259,2026-04-05,6382.25,9573.37,1.5000,1,62,33,0.0167,2403.12,1441.87,0.0000,0,26,11,0.0000,1476.43,2214.65,551.2315,23,275,202,0.0865,0,0,0
258,2026-04-06,6047.99,9071.99,1.5000,1,62,33,0.0167,2486.71,1492.03,0.0000,0,26,11,0.0000,1619.49,2429.24,529.6207,23,275,202,0.0865,0,0,0
257,2026-04-07,6446.41,9669.62,1.5000,1,62,33,0.0167,2355.93,1413.56,0.0000,0,26,11,0.0000,1450.97,2176.45,508.8574,23,275,202,0.0865,0,0,0
256,2026-04-08,6639.83,9959.74,1.5000,1,62,33,0.0167,2519.89,1511.93,0.0000,0,26,11,0.0000,1508.01,2262.02,488.9082,23,275,202,0.0865,0,0,0
255,2026-04-09,6173.03,9259.55,1.5000,1,62,33,0.0167,2381.10,1428.66,0.0000,0,26,11,0.0000,1482.78,2224.17,469.7412,23,275,202,0.0865,0,0,0
254,2026-04-10,6290.23,9435.35,1.5000,1,62,33,0.0167,2411.50,1446.90,0.0000,0,26,11,0.0000,1514.70,2272.04,451.3258,23,275,202,0.0865,0,0,0
253,2026-04-11,6439.15,9658.72,1.5000,1,62,33,0.0167,2252.12,1351.27,0.0000,0,26,11,0.0000,1499.46,2249.19,433.6325,23,275,202,0.0865,0,0,0
252,2026-04-12,6177.67,9266.50,1.5000,1,62,33,0.0167,2257.29,1354.37,0.0000,0,26,11,0.0000,1522.11,2283.16,416.6329,23,275,202,0.0865,0,0,0
251,2026-04-13,6555.35,9833.02,1.5000,1,62,33,0.0167,2319.19,1391.51,0.0000,0,26,11,0.0000,1442.14,2163.21,400.2999,23,275,202,0.0865,0,0,0
250,2026-04-14,6577.56,9866.33,16410.1685,1,62,33,0.0167,2399.45,1439.67,0.0000,0,26,11,0.0000,1517.80,2276.71,384.6073,23,275,202,0.0865,0,0,0
249,2026-04-15,6750.81,10126.21,15454.5157,1,62,33,0.0167,2332.62,1399.57,0.0000,0,26,11,0.0000,1480.78,2221.17,369.5300,23,275,202,0.0865,0,0,0
248,2026-04-16,6413.11,9619.67,14554.5157,1,62,33,0.0167,2339.39,1403.63,0.0000,0,26,11,0.0000,1514.45,2271.68,355.0439,23,275,202,0.0865,0,0,0
247,2026-04-17,6342.73,9514.09,13706.9277,1,62,33,0.0167,2314.42,1388.65,0.0000,0,26,11,0.0000,1399.37,2099.06,341.1258,23,275,202,0.0865,0,0,0
246,2026-04-18,6722.76,10084.14,12908.6993,1,62,33,0.0167,2352.04,1411.22,0.0000,0,26,11,0.0000,1454.57,2181.85,327.7535,23,275,202,0.0865,0,0,0
245,2026-04-19,6326.79,9490.18,12156.9562,1,62,33,0.0167,2409.43,1445.66,0.0000,0,26,11,0.0000,1490.31,2235.47,314.9055,23,275,202,0.0865,0,0,0
244,2026-04-20,6303.20,9454.80,11448.9911,1,62,33,0.0167,2368.53,1421.12,0.0000,0,26,11,0.0000,1490.80,2236.20,302.5612,23,275,202,0.0865,0,0,0
243,2026-04-21,6433.90,9650.86,10782.2548,1,62,33,0.0167,2297.83,1378.70,0.0000,0,26,11,0.0000,1495.93,2243.89,290.7010,23,275,202,0.0865,0,0,0
242,2026-04-22,6324.45,9486.68,10154.3461,1,62,33,0.0167,2475.56,1485.34,0.0000,0,26,11,0.0000,1513.02,2269.54,279.3059,23,275,202,0.0865,0,0,0
241,2026-04-23,6589.94,9884.91,9563.0040,1,62,33,0.0167,2373.54,1424.12,0.0000,0,26,11,0.0000,1525.15,2287.73,268.3575,23,275,202,0.0865,0,0,0
240,2026-04-24,6737.86,10106.79,9006.0990,1,62,33,0.0167,2297.94,1378.77,0.0000,0,26,11,0.0000,1418.84,2128.26,257.8385,23,275,202,0.0865,0,0,0
239,2026-04-25,6603.50,9905.24,8481.6256,1,62,33,0.0167,2343.12,1405.87,0.0000,0,26,11,0.0000,1460.59,2190.88,247.7319,23,275,202,0.0865,0,0,0
238,2026-04-26,6914.17,10371.25,7987.6951,1,62,33,0.0167,2499.74,1499.85,0.0000,0,26,11,0.0000,1552.26,2328.40,238.0216,23,275,202,0.0865,0,0,0
237,2026-04-27,6588.90,9883.35,7522.5289,1,62,33,0.0167,2459.91,1475.94,0.0000,0,26,11,0.0000,1529.12,2293.68,228.6920,23,275,202,0.0865,0,0,0
236,2026-04-28,6163.24,9244.85,7084.4519,1,62,33,0.0167,2375.34,1425.21,0.0000,0,26,11,0.0000,1475.43,2213.14,219.7282,23,275,202,0.0865,0,0,0
235,2026-04-29,6772.61,10158.92,6671.8865,1,62,33,0.0167,2387.60,1432.56,0.0000,0,26,11,0.0000,1562.29,2343.43,211.1160,23,275,202,0.0865,0,0,0
234,2026-04-30,6579.90,9869.85,6283.3471,1,62,33,0.0167,2373.69,1424.21,0.0000,0,26,11,0.0000,1442.75,2164.13,202.8414,23,275,202,0.0865,0,0,0
233,2026-05-01,6678.79,10018.18,5917.4344,1,62,33,0.0167,2370.20,1422.12,0.0000,0,26,11,0.0000,1511.49,2267.24,194.8912,23,275,202,0.0865,0,0,0
232,2026-05-02,6472.61,9708.91,5572.8308,1,62,33,0.0167,2316.95,1390.17,0.0000,0,26,11,0.0000,1445.02,2167.53,187.2528,23,275,202,0.0865,0,0,0
231,2026-05-03,6478.12,9717.17,5248.2954,1,62,33,0.0167,2441.23,1464.74,0.0000,0,26,11,0.0000,1548.69,2323.04,179.9139,23,275,202,0.0865,0,0,0
230,2026-05-04,6294.02,9441.02,4942.6594,1,62,33,0.0167,2394.01,1436.41,0.0000,0,26,11,0.0000,1517.42,2276.13,172.8628,23,275,202,0.0865,0,0,0
229,2026-05-05,6263.78,9395.67,4654.8223,1,62,33,0.0167,2346.82,1408.09,0.0000,0,26,11,0.0000,1510.06,2265.09,166.0881,23,275,202,0.0865,0,0,0
228,2026-05-06,6404.44,9606.66,4383.7475,1,62,33,0.0167,2325.16,1395.10,0.0000,0,26,11,0.0000,1514.34,2271.50,159.5791,23,275,202,0.0865,0,0,0
227,2026-05-07,6283.50,9425.25,4128.4589,1,62,33,0.0167,2335.43,1401.26,0.0000,0,26,11,0.0000,1566.38,2349.57,153.3253,23,275,202,0.0865,0,0,0
226,2026-05-08,6101.96,9152.95,3888.0372,1,62,33,0.0167,2240.68,1344.41,0.0000,0,26,11,0.0000,1501.56,2252.34,147.3167,23,275,202,0.0865,0,0,0
225,2026-05-09,6000.99,9001.49,3661.6165,1,62,33,0.0167,2397.70,1438.62,0.0000,0,26,11,0.0000,1572.20,2358.30,141.5438,23,275,202,0.0865,0,0,0
224,2026-05-10,6329.87,9494.81,3448.3815,1,62,33,0.0167,2346.31,1407.79,0.0000,0,26,11,0.0000,1565.90,2348.84,135.9971,23,275,201,0.0865,0,0,0
223,2026-05-11,6508.95,9763.42,3247.5644,1,62,33,0.0167,2497.38,1498.43,0.0000,0,26,11,0.0000,1496.06,2244.09,130.6680,23,275,201,0.0865,0,0,0
222,2026-05-12,6670.19,10005.29,3058.4419,1,62,33,0.0167,2319.65,1391.79,0.0000,0,26,11,0.0000,1544.50,2316.76,125.5478,23,275,201,0.0865,0,0,0
221,2026-05-13,6508.07,9762.10,2880.3331,1,62,33,0.0167,2389.28,1433.57,0.0000,0,26,11,0.0000,1500.88,2251.32,120.6284,23,275,201,0.0865,0,0,0
220,2026-05-14,6633.33,9950.00,2712.5965,1,62,33,0.0167,2300.61,1380.36,0.0000,0,26,11,0.0000,1436.72,2155.08,115.9019,23,275,201,0.0865,0,0,0
219,2026-05-15,6666.14,9999.21,2554.6282,1,62,33,0.0167,2275.88,1365.53,0.0000,0,26,11,0.0000,1482.05,2223.07,111.3607,23,275,201,0.0865,0,0,0
218,2026-05-16,6308.35,9462.52,2405.8592,1,62,33,0.0167,2421.44,1452.86,0.0000,0,26,11,0.0000,1503.09,2254.64,106.9976,23,275,201,0.0865,0,0,0
217,2026-05-17,6459.04,9688.56,2265.7538,1,62,33,0.0167,2362.05,1417.23,0.0000,0,26,11,0.0000,1498.99,2248.49,102.8055,23,275,201,0.0865,0,0,0
216,2026-05-18,6277.37,9416.05,2133.8076,1,62,33,0.0167,2292.94,1375.76,0.0000,0,26,11,0.0000,1513.31,2269.97,98.7779,23,275,201,0.0865,0,0,0
215,2026-05-19,6177.97,9266.96,2009.5452,1,62,33,0.0167,2310.91,1386.55,0.0000,0,26,11,0.0000,1475.36,2213.04,94.9081,23,275,201,0.0865,0,0,0
214,2026-05-20,6709.94,10064.91,1892.5194,1,62,33,0.0167,2321.82,1393.09,0.0000,0,26,11,0.0000,1461.94,2192.91,91.1901,23,275,201,0.0865,0,0,0
213,2026-05-21,6522.04,9783.06,1782.3086,1,62,33,0.0167,2358.93,1415.36,0.0000,0,26,11,0.0000,1573.47,2360.20,87.6179,23,275,201,0.0865,0,0,0
212,2026-05-22,6257.62,9386.43,1678.5160,1,62,33,0.0167,2374.37,1424.62,0.0000,0,26,11,0.0000,1452.59,2178.88,84.1857,23,275,201,0.0865,0,0,0
211,2026-05-23,6381.77,9572.65,1580.7678,1,62,33,0.0167,2440.63,1464.38,0.0000,0,26,11,0.0000,1553.26,2329.90,80.8882,23,275,201,0.0865,0,0,0
210,2026-05-24,6773.47,10160.20,1488.7121,1,62,33,0.0167,2239.40,1343.64,0.0000,0,26,11,0.0000,1486.01,2229.02,77.7199,23,275,201,0.0865,0,0,0
209,2026-05-25,6469.67,9704.51,1402.0172,1,62,33,0.0167,2507.03,1504.22,0.0000,0,26,11,0.0000,1492.63,2238.95,74.6758,23,275,201,0.0865,0,0,0
208,2026-05-26,6503.18,9754.76,1320.3710,1,62,33,0.0167,2401.47,1440.88,0.0000,0,26,11,0.0000,1553.63,2330.44,71.7511,23,275,201,0.0865,0,0,0
207,2026-05-27,6281.35,9422.02,1243.4796,1,62,33,0.0167,2363.15,1417.89,0.0000,0,26,11,0.0000,1543.17,2314.76,68.9411,23,275,201,0.0865,0,0,0
206,2026-05-28,6598.44,9897.66,1171.0659,1,62,33,0.0167,2456.27,1473.76,0.0000,0,26,11,0.0000,1513.33,2270.00,66.2413,23,275,201,0.0865,0,0,0
205,2026-05-29,6577.12,9865.68,1102.8693,1,62,33,0.0167,2123.74,1274.25,0.0000,0,26,11,0.0000,1424.65,2136.98,63.6473,23,275,201,0.0865,0,0,0
204,2026-05-30,6364.57,9546.86,1038.6442,1,62,33,0.0167,2468.84,1481.31,0.0000,0,26,11,0.0000,1478.62,2217.94,61.1551,23,275,201,0.0865,0,0,0
203,2026-05-31,6825.16,10237.75,978.1592,1,62,33,0.0167,2378.72,1427.23,0.0000,0,26,11,0.0000,1455.81,2183.72,58.7605,23,275,201,0.0865,0,0,0
202,2026-06-01,6452.29,9678.44,921.1966,1,62,33,0.0167,2317.22,1390.33,0.0000,0,26,11,0.0000,1542.44,2313.66,56.4599,23,275,201,0.0865,0,0,0
201,2026-06-02,6545.67,9818.51,867.5513,1,62,33,0.0167,2413.64,1448.19,0.0000,0,26,11,0.0000,1455.93,2183.89,54.2495,23,275,201,0.0865,0,0,0
200,2026-06-03,6231.42,9347.14,817.0300,1,62,33,0.0167,2401.15,1440.69,0.0000,0,26,11,0.0000,1521.25,2281.88,52.1257,23,275,201,0.0865,0,0,0
199,2026-06-04,6575.44,9863.16,769.4509,1,62,33,0.0167,2414.74,1448.84,0.0000,0,26,11,0.0000,1438.36,2157.54,50.0852,23,275,201,0.0865,0,0,0
198,2026-06-05,6443.24,9664.86,724.6425,1,62,33,0.0167,2335.32,1401.19,0.0000,0,26,11,0.0000,1539.95,2309.92,48.1247,23,275,201,0.0865,0,0,0
197,2026-06-06,6480.63,9720.95,682.4436,1,62,33,0.0167,2394.60,1436.76,0.0000,0,26,11,0.0000,1535.16,2302.75,46.2411,23,275,201,0.0865,0,0,0
196,2026-06-07,6490.45,9735.67,642.7021,1,62,33,0.0167,2318.11,1390.87,0.0000,0,26,11,0.0000,1481.71,2222.57,44.4314,23,275,201,0.0865,0,0,0
195,2026-06-08,6634.03,9951.05,605.2750,1,62,33,0.0167,2342.90,1405.74,0.0000,0,26,11,0.0000,1534.68,2302.02,42.6926,23,275,201,0.0865,0,0,0
194,2026-06-09,6405.06,9607.59,570.0275,1,62,33,0.0167,2254.62,1352.77,0.0000,0,26,11,0.0000,1453.95,2180.92,41.0220,23,275,201,0.0865,0,0,0
193,2026-06-10,6436.63,9654.95,536.8327,1,62,33,0.0167,2413.85,1448.31,0.0000,0,26,11,0.0000,1515.63,2273.44,39.4169,23,275,201,0.0865,0,0,0
192,2026-06-11,6103.56,9155.33,505.5710,1,62,33,0.0167,2343.63,1406.18,0.0000,0,26,11,0.0000,1405.27,2107.90,37.8747,23,275,201,0.0865,0,0,0
191,2026-06-12,6737.84,10106.76,476.1298,1,62,33,0.0167,2383.85,1430.31,0.0000,0,26,11,0.0000,1477.90,2216.85,36.3930,23,275,201,0.0865,0,0,0
190,2026-06-13,6697.23,10045.85,448.4031,1,62,33,0.0167,2330.07,1398.04,0.0000,0,26,11,0.0000,1536.96,2305.43,34.9694,23,275,201,0.0865,0,0,0
189,2026-06-14,6639.70,9959.55,422.2911,1,62,33,0.0167,2376.65,1425.99,0.0000,0,26,11,0.0000,1466.33,2199.50,33.6016,23,275,201,0.0865,0,0,0
188,2026-06-15,6318.24,9477.37,397.6998,1,62,33,0.0167,2400.69,1440.42,0.0000,0,26,11,0.0000,1445.39,2168.09,32.2875,23,275,201,0.0865,0,0,0
187,2026-06-16,6238.82,9358.23,374.5405,1,62,33,0.0167,2476.37,1485.82,0.0000,0,26,11,0.0000,1507.01,2260.52,31.0249,23,275,201,0.0865,0,0,0
186,2026-06-17,6472.09,9708.14,352.7299,1,62,33,0.0167,2475.03,1485.02,0.0000,0,26,11,0.0000,1479.85,2219.77,29.8117,23,275,201,0.0865,0,0,0
185,2026-06-18,6463.71,9695.57,332.1895,1,62,33,0.0167,2291.47,1374.88,0.0000,0,26,11,0.0000,1489.97,2234.95,28.6462,23,275,201,0.0865,0,0,0
184,2026-06-19,6764.45,10146.67,312.8453,1,62,33,0.0167,2577.73,1546.64,0.0000,0,26,11,0.0000,1474.08,2211.12,27.5264,23,275,201,0.0865,0,0,0
183,2026-06-20,6586.93,9880.40,294.6275,1,62,33,0.0167,2373.80,1424.28,0.0000,0,26,11,0.0000,1505.23,2257.84,26.4504,23,275,201,0.0865,0,0,0
182,2026-06-21,6630.68,9946.02,277.4707,1,62,33,0.0167,2349.80,1409.88,0.0000,0,26,11,0.0000,1473.66,2210.49,25.4167,23,275,201,0.0865,0,0,0
181,2026-06-22,6375.28,9562.93,261.3131,1,62,33,0.0167,2458.18,1474.91,0.0000,0,26,11,0.0000,1573.04,2359.56,24.4235,23,275,201,0.0865,0,0,0
180,2026-06-23,6726.22,10089.33,246.0964,1,62,33,0.0167,2413.45,1448.07,0.0000,0,26,11,0.0000,1527.43,2291.14,23.4692,23,275,201,0.0865,0,0,0
179,2026-06-24,6242.84,9364.27,231.7658,1,62,33,0.0167,2313.58,1388.15,0.0000,0,26,11,0.0000,1560.08,2340.13,22.5524,23,275,201,0.0865,0,0,0
178,2026-06-25,6281.09,9421.63,218.2698,1,62,33,0.0167,2352.36,1411.42,0.0000,0,26,11,0.0000,1504.85,2257.28,21.6715,23,275,201,0.0865,0,0,0
177,2026-06-26,6571.03,9856.55,205.5597,1,62,33,0.0167,2300.15,1380.09,0.0000,0,26,11,0.0000,1520.66,2280.99,20.8251,23,275,201,0.0865,0,0,0
176,2026-06-27,6466.18,9699.26,193.5898,1,62,33,0.0167,2350.27,1410.16,0.0000,0,26,11,0.0000,1582.13,2373.20,20.0119,23,275,201,0.0865,0,0,0
175,2026-06-28,6329.90,9494.85,182.3170,1,62,33,0.0167,2350.76,1410.46,0.0000,0,26,11,0.0000,1469.70,2204.55,19.2306,23,275,201,0.0865,0,0,0
174,2026-06-29,6514.05,9771.07,171.7006,1,62,33,0.0167,2372.04,1423.22,0.0000,0,26,11,0.0000,1496.26,2244.39,18.4800,23,275,201,0.0865,0,0,0
173,2026-06-30,6123.07,9184.61,161.7025,1,62,33,0.0167,2331.09,1398.66,0.0000,0,26,11,0.0000,1500.91,2251.36,17.7588,23,275,200,0.0865,0,0,0
172,2026-07-01,6703.85,10055.77,152.2867,1,62,33,0.0167,2443.76,1466.26,0.0000,0,26,11,0.0000,1508.56,2262.84,17.0658,23,275,200,0.0865,0,0,0
171,2026-07-02,6639.55,9959.33,143.4192,1,62,33,0.0167,2377.27,1426.36,0.0000,0,26,11,0.0000,1500.31,2250.47,16.4000,23,275,200,0.0865,0,0,0
170,2026-07-03,6274.53,9411.79,135.0681,1,62,33,0.0167,2343.71,1406.23,0.0000,0,26,11,0.0000,1488.84,2233.25,15.7604,23,275,200,0.0865,0,0,0
169,2026-07-04,6999.46,10499.19,127.2033,1,62,33,0.0167,2500.99,1500.59,0.0000,0,26,11,0.0000,1481.83,2222.75,15.1458,23,275,200,0.0865,0,0,0
168,2026-07-05,6479.24,9718.87,119.7965,1,62,33,0.0167,2299.51,1379.71,0.0000,0,26,11,0.0000,1496.44,2244.66,14.5553,23,275,200,0.0865,0,0,0
167,2026-07-06,6573.83,9860.74,112.8211,1,62,33,0.0167,2399.25,1439.55,0.0000,0,26,11,0.0000,1441.98,2162.97,13.9880,23,275,200,0.0865,0,0,0
166,2026-07-07,6499.93,9749.89,106.2519,1,62,33,0.0167,2273.55,1364.13,0.0000,0,26,11,0.0000,1486.09,2229.13,13.4429,23,275,200,0.0865,0,0,0
165,2026-07-08,6807.76,10211.64,100.0652,1,62,33,0.0167,2442.10,1465.26,0.0000,0,26,11,0.0000,1488.74,2233.12,12.9192,23,275,200,0.0865,0,0,0
164,2026-07-09,6266.83,9400.24,94.2388,1,62,33,0.0167,2304.44,1382.66,0.0000,0,26,11,0.0000,1568.60,2352.89,12.4160,23,275,200,0.0865,0,0,0
163,2026-07-10,6584.49,9876.74,88.7518,1,62,33,0.0167,2362.12,1417.27,0.0000,0,26,11,0.0000,1471.26,2206.88,11.9326,23,275,200,0.0865,0,0,0
162,2026-07-11,6962.64,10443.97,83.5842,1,62,33,0.0167,2390.63,1434.38,0.0000,0,26,11,0.0000,1540.70,2311.05,11.4681,23,275,200,0.0865,0,0,0
161,2026-07-12,6004.80,9007.20,78.7176,1,62,33,0.0167,2273.44,1364.06,0.0000,0,26,11,0.0000,1420.93,2131.40,11.0218,23,275,200,0.0865,0,0,0
160,2026-07-13,6493.34,9740.01,74.1344,1,62,33,0.0167,2462.93,1477.76,0.0000,0,26,11,0.0000,1518.86,2278.30,10.5930,23,275,200,0.0865,0,0,0
159,2026-07-14,6613.39,9920.08,69.8182,1,62,33,0.0167,2330.65,1398.39,0.0000,0,26,11,0.0000,1450.56,2175.84,10.1810,23,275,200,0.0865,0,0,0
158,2026-07-15,6518.90,9778.35,65.7532,1,62,33,0.0167,2392.75,1435.65,0.0000,0,26,11,0.0000,1465.00,2197.50,9.7852,23,275,200,0.0865,0,0,0
157,2026-07-16,6811.87,10217.80,61.9250,1,62,33,0.0167,2461.92,1477.15,0.0000,0,26,11,0.0000,1455.86,2183.78,9.4049,23,275,199,0.0865,0,0,0
156,2026-07-17,6515.28,9772.92,58.3198,1,62,33,0.0167,2340.27,1404.16,0.0000,0,26,11,0.0000,1421.06,2131.59,9.0395,23,275,199,0.0865,0,0,0
155,2026-07-18,6804.70,10207.05,54.9245,1,62,33,0.0167,2313.42,1388.05,0.0000,0,26,11,0.0000,1513.90,2270.86,8.6885,23,275,199,0.0865,0,0,0
154,2026-07-19,6494.49,9741.73,51.7269,1,62,33,0.0167,2496.33,1497.80,0.0000,0,26,11,0.0000,1478.70,2218.06,8.3512,23,275,199,0.0865,0,0,0
153,2026-07-20,6415.36,9623.04,48.7155,1,62,33,0.0167,2365.87,1419.52,0.0000,0,26,11,0.0000,1495.06,2242.59,8.0271,23,275,199,0.0865,0,0,0
152,2026-07-21,6618.82,9928.23,45.8795,1,62,33,0.0167,2481.20,1488.72,0.0000,0,26,11,0.0000,1566.92,2350.38,7.7158,23,275,199,0.0865,0,0,0
151,2026-07-22,6506.56,9759.84,43.2087,1,62,33,0.0167,2327.14,1396.28,0.0000,0,26,11,0.0000,1574.97,2362.45,7.4166,23,275,199,0.0865,0,0,0
150,2026-07-23,6092.09,9138.14,40.6934,1,62,33,0.0167,2230.46,1338.28,0.0000,0,26,11,0.0000,1536.50,2304.75,7.1292,23,275,199,0.0865,0,0,0
149,2026-07-24,6497.47,9746.21,38.3245,1,62,33,0.0167,2516.17,1509.70,0.0000,0,26,11,0.0000,1537.81,2306.71,6.8531,23,275,199,0.0865,0,0,0
148,2026-07-25,6099.67,9149.50,36.0937,1,62,33,0.0167,2387.78,1432.67,0.0000,0,26,11,0.0000,1538.79,2308.19,6.5877,23,275,198,0.0865,0,0,0
147,2026-07-26,6023.84,9035.76,33.9927,1,62,33,0.0167,2413.46,1448.08,0.0000,0,26,11,0.0000,1534.57,2301.85,6.3328,23,275,198,0.0865,0,0,0
146,2026-07-27,6747.00,10120.49,32.0141,1,62,33,0.0167,2179.93,1307.96,0.0000,0,26,11,0.0000,1484.69,2227.04,6.0879,23,275,198,0.0865,0,0,0
145,2026-07-28,6581.28,9871.92,30.1507,1,62,33,0.0167,2409.93,1445.96,0.0000,0,26,11,0.0000,1585.21,2377.82,5.8526,23,275,198,0.0865,0,0,0
144,2026-07-29,6738.40,10107.60,28.3958,1,62,33,0.0167,2315.94,1389.57,0.0000,0,26,11,0.0000,1475.22,2212.84,5.6265,23,275,198,0.0865,0,0,0
143,2026-07-30,6693.48,10040.22,26.7432,1,62,33,0.0167,2390.30,1434.18,0.0000,0,26,11,0.0000,1430.42,2145.63,5.4093,23,275,198,0.0865,0,0,0
142,2026-07-31,6295.70,9443.55,25.1867,1,62,33,0.0167,2432.52,1459.51,0.0000,0,26,11,0.0000,1512.46,2268.69,5.2005,23,275,198,0.0865,0,0,0
141,2026-08-01,6631.61,9947.41,23.7209,1,62,33,0.0167,2570.13,1542.08,0.0000,0,26,11,0.0000,1490.66,2235.99,5.0000,23,275,197,0.0865,0,0,0
140,2026-08-02,6400.07,9600.10,22.3405,1,62,33,0.0167,2297.13,1378.28,0.0000,0,26,11,0.0000,1607.90,2411.85,4.8074,23,275,197,0.0865,0,0,0
139,2026-08-03,6480.75,9721.12,21.0405,1,62,33,0.0167,2351.48,1410.89,0.0000,0,26,11,0.0000,1525.77,2288.66,4.6222,23,275,197,0.0865,0,0,0
138,2026-08-04,6886.06,10329.09,19.8161,1,62,33,0.0167,2402.76,1441.66,0.0000,0,26,11,0.0000,1483.41,2225.12,4.4444,23,275,197,0.0865,0,0,0
137,2026-08-05,6672.34,10008.51,18.6631,1,62,33,0.0167,2342.56,1405.53,6.8759,1,25,11,0.0417,1517.31,2275.97,4.2735,23,275,197,0.0865,1,0,0
136,2026-08-06,6581.46,9872.18,17.5772,1,62,33,0.0167,2257.99,3386.98,6.5426,1,25,11,0.0417,1499.16,2248.74,4.1093,23,275,197,0.0865,0,0,0
135,2026-08-07,6559.06,9838.59,16.5546,1,62,33,0.0167,2476.49,3714.73,6.2255,1,25,11,0.0417,1556.46,2334.69,3.9516,23,275,196,0.0865,0,0,0
134,2026-08-08,6169.06,9253.60,15.5915,1,62,33,0.0167,2376.09,3564.14,5.9240,1,25,11,0.0417,1557.52,2336.28,3.8001,23,275,196,0.0865,0,0,0
133,2026-08-09,6372.25,9558.38,14.6845,1,62,33,0.0167,2476.77,3715.15,5.6371,1,25,11,0.0417,1476.03,2214.05,3.6544,23,275,196,0.0865,0,0,0
132,2026-08-10,6620.63,9930.94,13.8303,1,62,33,0.0167,2356.45,3534.68,5.3642,1,25,11,0.0417,1526.38,2289.57,3.5145,23,275,196,0.0865,0,0,0
131,2026-08-11,6638.93,9958.39,13.0258,1,62,33,0.0167,2387.65,3581.48,5.1046,1,25,11,0.0417,1529.87,2294.81,3.3801,23,275,195,0.0865,0,0,0
130,2026-08-12,6951.81,10427.72,12.2683,1,62,33,0.0167,2260.52,3390.78,4.8577,1,25,11,0.0417,1558.09,2337.14,3.2510,23,275,195,0.0865,0,0,0
129,2026-08-13,6699.11,10048.67,11.5548,1,62,33,0.0167,2439.44,3659.15,4.6228,1,25,11,0.0417,1501.51,2252.27,3.1269,23,275,195,0.0865,0,0,0
128,2026-08-14,6781.14,10171.72,10.8828,1,62,33,0.0167,2382.31,3573.47,4.3994,1,25,11,0.0417,1459.79,2189.68,3.0077,23,275,195,0.0865,0,0,0
127,2026-08-15,6649.06,9973.59,10.2501,1,62,33,0.0167,2350.21,3525.32,4.1868,1,25,11,0.0417,1459.02,2188.53,2.8931,23,275,194,0.0865,0,0,0
126,2026-08-16,6485.75,9728.62,9.6541,1,62,33,0.0167,2338.32,3507.48,3.9847,1,25,11,0.0417,1372.95,2059.43,2.7831,23,275,194,0.0865,0,0,0
125,2026-08-17,6572.72,9859.08,9.0929,1,62,33,0.0167,2272.57,3408.86,3.7924,1,25,11,0.0417,1566.42,2349.63,2.6773,23,275,194,0.0865,0,0,0
124,2026-08-18,6804.63,10206.95,8.5643,1,62,33,0.0167,2347.70,3521.55,3.6095,1,25,11,0.0417,1473.79,2210.68,2.5758,23,275,194,0.0865,0,0,0
123,2026-08-19,6425.36,9638.04,8.0665,1,62,33,0.0167,2476.01,3714.01,3.4355,1,25,11,0.0417,1495.12,2242.68,2.4782,23,275,193,0.0865,0,0,0
122,2026-08-20,6337.58,9506.37,7.5977,1,62,33,0.0167,2402.29,3603.44,3.2699,1,25,11,0.0417,1545.41,2318.12,2.3844,23,275,193,0.0865,0,0,0
121,2026-08-21,6229.50,9344.25,7.1563,1,62,33,0.0167,2247.02,3370.53,3.1125,1,25,11,0.0417,1505.19,2257.78,2.2943,23,275,193,0.0865,0,0,0
120,2026-08-22,6464.90,9697.35,6.7405,1,62,33,0.0167,2357.85,3536.77,2.9627,1,25,11,0.0417,1597.62,2396.43,2.2077,23,275,192,0.0865,0,0,0
119,2026-08-23,6566.68,9850.02,6.3489,1,62,33,0.0167,2425.31,3637.97,2.8203,1,25,11,0.0417,1464.26,2196.39,2.1245,23,275,192,0.0865,0,0,0
118,2026-08-24,6536.96,9805.44,5.9802,1,62,33,0.0167,2325.99,3488.98,2.6848,1,25,11,0.0417,1499.23,2248.85,2.0446,23,275,191,0.0865,0,0,0
117,2026-08-25,6290.19,9435.28,5.6329,1,62,33,0.0167,2392.45,3588.67,2.5558,1,25,11,0.0417,1449.37,2174.06,1.9678,23,275,191,0.0865,0,0,0
116,2026-08-26,6460.83,9691.25,5.3058,1,62,33,0.0167,2405.11,3607.66,2.4332,1,25,11,0.0417,1408.35,2112.52,1.8941,23,275,191,0.0865,0,0,0
115,2026-08-27,6123.82,9185.73,4.9978,1,62,33,0.0167,2252.78,3379.16,2.3166,1,25,11,0.0417,1509.75,2264.62,1.8232,23,275,190,0.0865,0,0,0
114,2026-08-28,6456.49,9684.74,4.7077,1,62,33,0.0167,2356.04,3534.06,2.2056,1,25,11,0.0417,1481.27,2221.90,1.7551,23,275,190,0.0865,0,0,0
113,2026-08-29,6562.63,9843.95,4.4345,1,62,33,0.0167,2440.19,3660.29,2.1001,1,25,11,0.0417,1448.73,2173.10,1.6897,23,275,189,0.0865,0,0,0
112,2026-08-30,6181.06,9271.59,4.1773,1,62,33,0.0167,2304.18,3456.27,1.9997,1,25,11,0.0417,1570.08,2355.11,1.6268,23,275,189,0.0865,0,0,0
111,2026-08-31,6163.77,9245.65,3.9350,1,62,33,0.0167,2312.98,3469.47,1.9042,1,25,11,0.0417,1525.27,2287.90,1.5664,23,275,188,0.0865,0,0,0
110,2026-09-01,6389.52,9584.27,3.7068,1,62,33,0.0167,2343.55,3515.33,1.8134,1,25,11,0.0417,1439.59,2159.38,1.5084,23,275,188,0.0865,0,0,0
109,2026-09-02,6529.35,9794.03,3.4919,1,62,33,0.0167,2312.05,3468.08,1.7270,1,25,11,0.0417,1449.51,2105.59,1.4526,23,275,187,0.0865,0,0,0
108,2026-09-03,6533.69,9800.54,3.2895,1,62,33,0.0167,2421.83,3632.75,1.6448,1,25,11,0.0417,1430.49,2001.33,1.3991,23,275,187,0.0865,0,0,0
107,2026-09-04,6499.48,9749.22,3.0989,1,62,33,0.0167,2268.29,3402.43,1.5666,1,25,11,0.0417,1444.50,1946.58,1.3476,23,275,186,0.0865,0,0,0
106,2026-09-05,6569.79,9854.69,2.9194,1,62,33,0.0167,2455.48,3664.12,1.4922,1,25,11,0.0417,1493.38,1938.61,1.2981,23,275,186,0.0865,0,0,0
105,2026-09-06,6312.68,9469.02,2.7504,1,62,33,0.0167,2337.23,3322.32,1.4215,1,25,11,0.0417,1439.13,1799.81,1.2506,23,275,185,0.0865,0,0,0
104,2026-09-07,6601.87,9902.80,2.5912,1,62,33,0.0167,2383.31,3227.44,1.3542,1,25,11,0.0417,1490.49,1796.00,1.2050,23,275,184,0.0865,0,0,0
103,2026-09-08,6606.63,9909.95,2.4412,1,62,33,0.0167,2585.87,3336.21,1.2902,1,25,11,0.0417,1422.37,1651.54,1.1611,23,275,184,0.0865,0,0,0
102,2026-09-09,6539.64,9809.47,2.3000,1,62,33,0.0167,2451.24,3013.26,1.2293,1,25,10,0.0417,1398.37,1564.75,1.1190,23,275,183,0.0865,0,0,0
101,2026-09-10,6498.68,9748.02,2.1671,1,62,33,0.0167,2389.60,2799.08,1.1714,1,25,10,0.0417,1549.87,1671.52,1.0785,23,275,182,0.0865,0,0,0
100,2026-09-11,6403.93,9605.90,2.0418,1,62,33,0.0167,2461.62,2747.82,1.1163,1,25,10,0.0417,1524.58,1584.95,1.0848,24,274,181,0.0902,0,0,1
99,2026-09-12,6545.84,9818.76,1.9239,1,62,33,0.0167,2369.53,2520.84,1.0639,1,25,10,0.0417,1513.00,1582.29,1.0458,24,274,181,0.0902,0,0,0
98,2026-09-13,6550.55,9825.82,1.8128,1,62,33,0.0167,2359.36,2392.40,1.0140,1,25,10,0.0417,1540.07,1552.90,1.0083,24,274,180,0.0902,0,0,0
97,2026-09-14,6262.87,9394.30,1.7082,1,62,33,0.0167,2398.73,2318.57,0.9666,1,25,10,0.0417,1479.43,1438.50,0.9723,24,274,179,0.0902,0,0,0
96,2026-09-15,6414.15,9621.23,1.6097,1,62,33,0.0167,2387.93,2200.41,0.9215,1,25,10,0.0417,1547.10,1450.78,0.9768,25,273,178,0.0940,1,0,0
95,2026-09-16,6399.58,9599.37,1.5170,1,62,33,0.0167,2374.61,2086.24,0.8786,1,25,10,0.0417,1501.94,1415.13,0.9799,26,272,177,0.0977,1,0,0
94,2026-09-17,6406.79,9159.03,1.4296,1,62,33,0.0167,2433.71,2038.84,0.8377,1,25,10,0.0417,1465.79,1385.61,0.9817,27,271,177,0.1015,1,0,0
93,2026-09-18,6268.95,8446.16,1.3473,1,62,33,0.0167,2430.01,1941.39,0.7989,1,25,10,0.0417,1459.51,1382.37,0.9822,28,270,176,0.1053,1,0,0
92,2026-09-19,6143.40,7800.95,1.2698,1,62,33,0.0167,2300.51,1752.97,0.7620,1,25,10,0.0417,1531.53,1451.64,0.9817,29,269,175,0.1090,1,0,0
91,2026-09-20,6738.77,8065.18,1.1968,1,62,33,0.0167,2401.05,1745.23,1.4537,2,24,10,0.0833,1486.61,1408.52,0.9801,30,268,174,0.1128,2,0,0
90,2026-09-21,6789.69,7659.48,1.1281,1,62,33,0.0167,2417.09,3352.23,1.3869,2,24,10,0.0833,1542.82,1459.72,1.0092,32,266,173,0.1203,2,0,0
89,2026-09-22,7068.56,7516.56,1.0634,1,62,33,0.0167,2351.07,3111.20,1.3233,2,24,10,0.0833,1568.28,1528.06,0.9744,32,266,172,0.1203,0,0,0
88,2026-09-23,7209.56,7227.04,1.0024,1,62,33,0.0167,2348.21,2965.40,1.2628,2,24,10,0.0833,1530.81,1440.29,0.9409,32,266,171,0.1203,0,0,0
87,2026-09-24,7441.99,7032.82,0.9450,1,62,33,0.0167,2293.54,2764.42,1.2053,2,24,10,0.0833,1565.19,1422.28,0.9939,35,263,170,0.1316,2,0,1
86,2026-09-25,7598.62,6770.03,0.8910,1,62,33,0.0167,2501.52,2878.23,1.1506,2,24,10,0.0833,1565.79,1503.27,0.9601,35,263,168,0.1316,0,0,0
85,2026-09-26,7224.23,6068.65,0.8400,1,62,32,0.0167,2408.29,2645.61,1.0985,2,24,10,0.0833,1547.08,1435.05,0.9541,36,262,167,0.1353,0,0,1
84,2026-09-27,7740.80,6131.42,0.7921,1,62,32,0.0167,2336.23,2450.77,1.0490,2,24,10,0.0833,1519.98,1401.40,0.9476,37,261,166,0.1391,1,0,0
83,2026-09-28,7402.78,5529.39,0.7469,1,62,32,0.0167,2451.02,2455.75,1.0019,2,24,10,0.0833,1497.77,1371.80,0.9654,39,259,165,0.1466,2,0,0
82,2026-09-29,7471.62,5263.06,0.7044,1,62,32,0.0167,2342.56,2242.13,0.9571,2,24,10,0.0833,1421.27,1326.46,0.9572,40,258,164,0.1504,0,0,1
81,2026-09-30,7969.12,5294.33,0.6644,1,62,32,0.0167,2381.10,2177.55,0.9145,2,24,10,0.0833,1471.70,1362.19,0.9487,41,257,162,0.1541,1,0,0
80,2026-10-01,8167.80,5118.25,0.6266,1,62,32,0.0167,2376.84,2077.31,0.8740,2,24,10,0.0833,1578.59,1448.47,0.9623,43,255,161,0.1617,2,0,0
79,2026-10-02,8425.08,5055.05,0.5911,1,62,32,0.0167,2315.48,1934.39,0.8354,2,24,10,0.0833,1464.40,1363.26,0.9526,44,254,160,0.1654,1,0,0
78,2026-10-03,8154.72,4892.83,1.1153,2,61,32,0.0333,2450.55,1957.35,0.7987,2,24,10,0.0833,1496.02,1378.91,0.9636,46,252,158,0.1729,3,0,0
77,2026-10-04,8980.81,9450.63,1.0523,2,61,32,0.0333,2334.57,1783.26,0.7638,2,24,10,0.0833,1530.23,1427.11,0.9326,46,252,157,0.1729,0,0,0
76,2026-10-05,9281.88,9216.65,0.9930,2,61,32,0.0333,2315.74,1692.02,0.7307,2,24,9,0.0833,1439.45,1299.57,0.9421,48,250,155,0.1805,2,0,0
75,2026-10-06,9151.01,8575.30,0.9371,2,61,32,0.0333,2367.09,1654.81,0.6991,2,24,9,0.0833,1524.33,1390.52,0.9122,48,250,154,0.1805,0,0,0
74,2026-10-07,9029.82,7986.49,0.8845,2,61,32,0.0333,2220.99,1485.97,0.6691,2,24,9,0.0833,1459.62,1289.61,0.9019,49,249,152,0.1842,1,0,0
73,2026-10-08,9268.15,7737.90,1.2523,3,60,32,0.0500,2383.30,1526.48,0.6405,2,24,9,0.0833,1528.85,1335.89,0.9095,51,247,151,0.1917,3,0,0
72,2026-10-09,9278.53,10970.18,1.1823,3,60,32,0.0500,2377.05,1457.89,0.6133,2,24,9,0.0833,1509.96,1330.75,0.9332,54,244,149,0.2030,3,0,0
71,2026-10-10,9622.76,10742.64,1.1164,3,60,31,0.0500,2392.18,1435.31,0.5875,2,24,9,0.0833,1558.01,1409.25,0.9045,54,244,147,0.2030,0,0,0
70,2026-10-11,9695.29,10221.51,1.0543,3,60,31,0.0500,2317.10,1390.26,0.8443,3,23,9,0.1250,1476.96,1295.32,0.8933,55,243,146,0.2068,2,0,0
69,2026-10-12,9332.24,9292.97,0.9958,3,60,31,0.0500,2248.85,1819.86,0.8092,3,23,9,0.1250,1501.03,1300.40,0.8821,56,242,144,0.2105,1,0,0
68,2026-10-13,9680.70,9106.76,0.9407,3,60,31,0.0500,2375.85,1843.36,0.7759,3,23,9,0.1250,1527.72,1307.36,0.9016,59,239,142,0.2218,3,0,0
67,2026-10-14,9914.82,8812.72,0.8888,3,60,31,0.0500,2380.14,1771.13,0.7441,3,23,9,0.1250,1526.55,1335.65,1.3792,93,205,140,0.3496,2,32,0
66,2026-10-15,9270.16,7786.86,0.8400,3,60,31,0.0500,2444.03,1744.87,0.9519,4,22,9,0.1667,1447.97,1938.52,1.3388,93,205,138,0.3496,1,0,0
65,2026-10-16,10651.92,8457.48,0.7940,3,60,31,0.0500,2330.86,2129.51,1.1420,5,21,9,0.2083,1413.56,1837.62,1.3000,93,205,136,0.3496,1,0,0
64,2026-10-17,10019.50,7521.24,0.7507,3,60,30,0.0500,2347.73,2574.25,1.0965,5,21,8,0.2083,1478.35,1866.77,1.2627,93,205,135,0.3496,0,0,0
63,2026-10-18,10330.83,7333.41,0.9465,4,59,30,0.0667,2441.53,2571.33,1.0532,5,21,8,0.2083,1460.19,1791.56,1.2269,93,205,133,0.3496,1,0,0
62,2026-10-19,10852.79,9715.85,0.8952,4,59,30,0.0667,2355.92,2384.10,1.0120,5,21,8,0.2083,1410.56,1682.14,1.1925,93,205,131,0.3496,0,0,0
61,2026-10-20,10721.11,9080.65,0.8470,4,59,30,0.0667,2416.16,2350.37,0.9728,5,21,8,0.2083,1528.49,1772.26,1.1595,93,205,129,0.3496,0,0,0
60,2026-10-21,11099.73,8896.93,1.0019,5,58,30,0.0833,2344.31,2193.08,0.9355,5,21,8,0.2083,1394.39,1572.49,1.1277,93,205,127,0.3496,1,0,0
59,2026-10-22,10457.55,9918.32,0.9484,5,58,30,0.0833,2308.63,2077.82,0.9000,5,21,8,0.2083,1427.90,1566.72,1.0972,93,205,124,0.3496,0,0,0
58,2026-10-23,10588.67,9509.23,0.8981,5,58,29,0.0833,2368.19,2051.54,0.8663,5,21,8,0.2083,1584.54,1692.14,1.0679,93,205,122,0.3496,0,0,0
57,2026-10-24,11044.04,9394.18,0.8506,5,58,29,0.0833,2311.29,1928.08,0.8342,5,21,8,0.2083,1481.89,1540.78,1.0509,94,204,120,0.3534,0,0,1
56,2026-10-25,10662.46,8593.18,0.8059,5,58,29,0.0833,2371.99,1906.31,0.8037,5,21,8,0.2083,1411.54,1444.81,1.0236,94,204,118,0.3534,0,0,0
55,2026-10-26,11802.57,9015.37,0.7638,5,58,29,0.0833,2360.73,1828.72,0.7746,5,21,7,0.2083,1404.75,1400.94,0.9973,94,204,116,0.3534,0,0,0
54,2026-10-27,10932.51,7917.52,0.7242,5,58,28,0.0833,2528.09,1888.54,0.7470,5,21,7,0.2083,1510.01,1467.80,0.9720,94,204,114,0.3534,0,0,0
53,2026-10-28,11585.97,7958.35,0.6869,5,58,28,0.0833,2413.25,1739.35,0.8649,6,20,7,0.2500,1552.83,1471.75,0.9679,96,202,111,0.3609,3,0,0
52,2026-10-29,11261.33,7339.53,0.6517,5,58,28,0.0833,2470.93,2063.00,0.8349,6,20,7,0.2500,1409.28,1330.57,1.0130,103,195,109,0.3872,7,0,0
51,2026-10-30,11869.69,7343.12,0.6186,5,58,27,0.0833,2577.06,2078.11,0.8064,6,20,7,0.2500,1528.61,1510.96,0.9885,103,195,107,0.3872,0,0,0
50,2026-10-31,11528.92,6917.35,0.5875,5,58,27,0.0833,2559.93,1994.82,1.0390,8,18,7,0.3333,1493.29,1440.84,0.9649,103,195,104,0.3872,2,0,0
49,2026-11-01,11633.16,6979.90,0.5581,5,58,27,0.0833,2848.82,2861.88,1.0046,8,18,7,0.3333,1453.41,1369.44,0.9514,104,194,102,0.3910,1,0,0
48,2026-11-02,11647.34,6988.41,0.5305,5,58,27,0.0833,2667.50,2592.40,0.9718,8,18,7,0.3333,1488.09,1383.03,0.9294,104,194,100,0.3910,0,0,0
47,2026-11-03,11594.20,6956.52,0.5044,5,58,26,0.0833,2777.43,2612.75,0.9407,8,18,6,0.3333,1572.41,1428.20,0.9170,105,193,97,0.3947,1,0,0
46,2026-11-04,11725.50,7035.30,0.4799,5,58,26,0.0833,2763.39,2517.68,1.0250,9,17,6,0.3750,1564.56,1402.70,0.9051,106,192,95,0.3985,2,0,0
45,2026-11-05,11437.04,6862.22,0.5482,6,57,25,0.1000,2854.84,2835.63,0.9933,9,17,6,0.3750,1559.45,1380.45,0.8936,107,191,93,0.4023,2,0,0
44,2026-11-06,12152.18,7291.31,0.6091,7,56,25,0.1167,2919.06,2811.40,0.9631,9,17,6,0.3750,1482.64,1296.28,0.8906,109,189,90,0.4098,3,0,0
43,2026-11-07,12146.99,7288.19,0.5804,7,56,25,0.1167,2888.79,2699.38,0.9344,9,17,6,0.3750,1521.35,1326.30,0.8798,110,188,88,0.4135,1,0,0
42,2026-11-08,12211.99,7327.20,0.5534,7,56,24,0.1167,2949.80,2675.91,0.9072,9,17,6,0.3750,1526.28,1314.91,0.8693,111,187,85,0.4173,1,0,0
41,2026-11-09,11841.44,7104.86,0.5280,7,56,24,0.1167,2982.40,2628.08,0.8812,9,17,5,0.3750,1481.44,1261.62,0.8516,111,187,83,0.4173,0,0,0
40,2026-11-10,12376.10,7425.66,0.5760,8,55,23,0.1333,2963.64,2538.39,0.8565,9,17,5,0.3750,1500.66,1252.43,0.8571,114,184,80,0.4286,4,0,0
39,2026-11-11,11978.83,7187.30,0.5502,8,55,23,0.1333,3040.23,2532.59,0.8330,9,17,5,0.3750,1536.06,1290.81,0.8625,117,181,78,0.4398,3,0,0
38,2026-11-12,12814.46,7688.68,0.5260,8,55,22,0.1333,3143.13,2548.10,0.8107,9,17,5,0.3750,1526.23,1291.01,0.8531,118,180,76,0.4436,1,0,0
37,2026-11-13,12573.99,7544.39,0.5031,8,55,22,0.1333,3286.29,2594.33,0.7894,9,17,5,0.3750,1500.17,1255.72,0.8512,120,178,73,0.4511,2,0,0
36,2026-11-14,12147.91,7288.74,0.4816,8,55,21,0.1333,3174.24,2441.71,0.7692,9,17,5,0.3750,1502.11,1255.09,0.8843,127,171,71,0.4774,7,0,0
35,2026-11-15,12119.44,7271.66,0.4613,8,55,21,0.1333,3414.28,2560.71,0.7500,9,17,4,0.3750,1558.29,1353.13,0.9025,132,166,68,0.4962,5,0,0
34,2026-11-16,12432.69,7459.61,0.4422,8,55,20,0.1333,3228.73,2362.49,0.8130,10,16,4,0.4167,1505.62,1334.88,0.9135,136,162,66,0.5113,5,0,0
33,2026-11-17,12366.70,7420.02,0.4242,8,55,20,0.1333,3447.26,2736.03,0.7937,10,16,4,0.4167,1564.23,1404.20,0.9175,139,159,64,0.5226,3,0,0
32,2026-11-18,12472.97,7483.78,0.4073,8,55,19,0.1333,3355.49,2601.49,0.7753,10,16,4,0.4167,1607.77,1450.23,0.9215,142,156,61,0.5338,3,0,0
31,2026-11-19,12921.09,7752.65,0.3913,8,55,19,0.1333,3534.60,2678.54,0.7578,10,16,4,0.4167,1661.20,1505.51,0.9063,142,156,59,0.5338,0,0,0
30,2026-11-20,12688.49,7613.09,0.3763,8,55,18,0.1333,3388.89,2511.73,0.7412,10,16,4,0.4167,1651.30,1472.42,0.9042,144,154,57,0.5414,2,0,0
29,2026-11-21,12250.69,7350.41,0.4074,9,54,17,0.1500,3473.02,2519.12,0.7253,10,16,3,0.4167,1662.72,1479.83,1.0878,176,122,54,0.6617,2,31,0
28,2026-11-22,13176.82,7906.09,0.3924,9,54,17,0.1500,3651.71,2593.76,0.7103,10,16,3,0.4167,1766.75,1892.32,1.0772,177,121,52,0.6654,0,0,1
27,2026-11-23,12902.43,7741.46,0.3783,9,54,16,0.1500,3432.05,2388.59,0.6960,10,16,3,0.4167,1781.48,1890.17,1.0610,177,121,50,0.6654,0,0,0
26,2026-11-24,13480.65,8088.39,0.3650,9,54,16,0.1500,3560.87,2429.74,0.6823,10,16,3,0.4167,1811.33,1893.75,1.0455,177,121,47,0.6654,0,0,0
25,2026-11-25,12368.09,7420.85,0.3525,9,54,15,0.1500,3677.82,2461.88,0.6694,10,16,3,0.4167,1868.66,1925.85,1.0364,178,120,45,0.6692,0,0,1
24,2026-11-26,12772.47,7663.48,0.3407,9,54,14,0.1500,3700.18,2431.25,0.6571,10,16,3,0.4167,1839.88,1880.40,1.0220,178,120,43,0.6692,0,0,0
23,2026-11-27,13778.70,8267.22,0.3662,10,53,14,0.1667,3723.40,2402.85,0.6453,10,16,2,0.4167,1977.49,1993.68,1.0082,178,120,41,0.6692,1,0,0
22,2026-11-28,12479.31,7487.59,0.3900,11,52,13,0.1833,3760.83,2385.07,0.6342,10,16,2,0.4167,1876.36,1866.78,0.9949,178,120,39,0.6692,1,0,0
21,2026-11-29,11924.12,7154.47,0.3780,11,52,12,0.1833,3656.21,2279.93,0.6859,11,15,2,0.4583,1935.90,1901.29,0.9821,178,120,37,0.6692,1,0,0
20,2026-11-30,13197.16,7918.30,0.4667,14,49,12,0.2333,3619.00,2442.23,0.6748,11,15,2,0.4583,2019.44,1958.55,0.9699,178,120,34,0.6692,3,0,0
19,2026-12-01,12396.89,7438.13,0.5178,16,47,11,0.2667,3669.75,2437.73,0.6643,11,15,2,0.4583,2019.07,1934.39,0.9634,179,119,32,0.6729,3,0,0
18,2026-12-02,13062.54,7837.52,0.5032,16,47,10,0.2667,3772.38,2468.01,0.6542,11,15,2,0.4583,2085.82,1985.81,0.9680,182,116,30,0.6842,3,0,0
17,2026-12-03,12837.49,7702.49,0.5506,18,45,10,0.3000,3744.11,2413.74,0.7033,12,14,1,0.5000,2022.12,1934.93,0.9621,183,115,28,0.6880,4,0,0
16,2026-12-04,13763.61,8258.17,0.5955,20,43,9,0.3333,3820.33,2648.90,0.7512,13,13,1,0.5417,2080.30,1979.17,0.9618,185,113,26,0.6955,3,0,2
15,2026-12-05,13158.17,7894.90,0.6093,21,42,8,0.3500,3640.18,2697.13,0.7409,13,13,1,0.5417,2138.67,2034.62,0.9565,186,112,25,0.6992,2,0,0
14,2026-12-06,13180.58,7908.35,0.8205,29,34,8,0.4833,3642.58,2663.51,0.7312,13,13,1,0.5417,2044.20,1934.64,0.9769,192,106,23,0.7218,13,0,1
13,2026-12-07,13113.35,10502.56,0.8009,29,34,7,0.4833,3858.31,2785.59,0.7220,13,13,1,0.5417,2127.18,2056.82,0.9669,192,106,21,0.7218,0,0,0
12,2026-12-08,13112.99,10259.76,0.8364,31,32,6,0.5167,3986.81,2843.30,0.8229,15,11,1,0.6250,2188.90,2095.47,0.9822,197,101,19,0.7406,9,0,0
11,2026-12-09,13499.28,11039.08,0.8441,32,31,6,0.5333,3940.84,3204.87,0.9759,18,8,1,0.7500,2208.08,2147.95,0.9728,197,101,17,0.7406,4,0,0
10,2026-12-10,13061.07,10788.87,0.8260,32,31,5,0.5333,3798.45,3665.04,1.0721,20,6,1,0.8333,2087.27,2011.43,0.9637,197,101,16,0.7406,2,0,0
9,2026-12-11,13389.16,10831.66,0.9860,39,24,4,0.6500,3847.67,4080.23,1.0604,20,6,0,0.8333,2239.73,2138.76,1.0034,207,91,14,0.7782,17,0,0
8,2026-12-12,13495.07,13041.49,0.9912,40,23,4,0.6667,3908.19,4101.13,1.0494,20,6,0,0.8333,2203.42,2191.44,0.9946,207,91,12,0.7782,1,0,0
7,2026-12-13,13656.81,13278.11,0.9723,40,23,3,0.6667,3893.57,4044.76,1.0388,20,6,0,0.8333,2343.38,2310.76,0.9861,207,91,11,0.7782,0,0,0
6,2026-12-14,13227.60,12625.39,1.0022,42,21,3,0.7000,3771.29,3879.94,1.0288,20,6,0,0.8333,2288.78,2238.26,0.9779,207,91,9,0.7782,2,0,0
5,2026-12-15,13475.06,13267.53,0.9846,42,21,2,0.7000,3717.59,3789.25,1.0193,20,6,0,0.8333,2211.11,2144.99,0.9701,207,91,7,0.7782,0,0,0
4,2026-12-16,13272.81,12848.41,1.0141,44,19,2,0.7333,3750.15,3788.43,1.0102,20,6,0,0.8333,2215.71,2132.78,0.9626,207,91,6,0.7782,2,0,0
3,2026-12-17,13226.23,13196.73,0.9978,44,19,1,0.7333,3922.42,3928.62,1.0016,20,6,0,0.8333,2358.23,2252.92,0.9738,211,87,4,0.7932,4,0,0
2,2026-12-18,13078.71,12848.13,0.9824,44,19,1,0.7333,3805.47,3780.26,0.9934,20,6,0,0.8333,2285.45,2209.40,0.9667,211,87,3,0.7932,0,0,0
1,2026-12-19,13517.17,13082.82,0.9679,44,19,0,0.7333,3821.13,3765.99,0.9856,20,6,0,0.8333,2340.43,2246.63,0.9645,212,86,2,0.7970,1,0,0
